Time,Distance path,Collided,Lateral Response,Distance Actor,Stopping Distance,Crossing Border,Dangerous,Player Loc X,Player Loc Y,Player Loc Z
2023-03-29 15:34:52.720818,0.11387669508262599,False,,,,,,129.5714111328125,-72.48207092285156,7.887054920196533
2023-03-29 15:34:53.225885,0.11387669508262599,False,0,50.124770363859,3.79167,False,False,129.5714111328125,-72.48207092285156,7.887054920196533
2023-03-29 15:34:53.229887,0.11387669508262599,False,0,74.70253814520437,3.79167,False,False,129.5714111328125,-72.48207092285156,7.887054920196533
2023-03-29 15:34:53.232813,0.11387669508262599,False,0,37.43111757022982,3.79167,False,False,129.5714111328125,-72.48207092285156,7.887054920196533
2023-03-29 15:34:53.235416,0.11387669508262599,False,0,99.49576352021879,3.79167,False,False,129.5714111328125,-72.48207092285156,7.887054920196533
2023-03-29 15:34:53.737923,0.11387669508262599,False,0,37.59633697881547,3.79167,False,False,129.5714111328125,-72.48207092285156,7.887054920196533
2023-03-29 15:34:53.742645,0.11387669508262599,False,0,74.70253814520437,3.79167,False,False,129.5714111328125,-72.48207092285156,7.887054920196533
2023-03-29 15:34:53.745187,0.11387669508262599,False,0,50.124770363859,3.79167,False,False,129.5714111328125,-72.48207092285156,7.887054920196533
2023-03-29 15:34:53.746765,0.11387669508262599,False,0,99.49576352021879,3.79167,False,False,129.5714111328125,-72.48207092285156,7.887054920196533
2023-03-29 15:34:54.248892,0.11387669508262599,False,0,99.49576352021879,3.79167,False,False,129.5714111328125,-72.48207092285156,7.887054920196533
2023-03-29 15:34:54.251269,0.11387669508262599,False,0,74.70253814520437,3.79167,False,False,129.5714111328125,-72.48207092285156,7.887054920196533
2023-03-29 15:34:54.252309,0.11387669508262599,False,0,50.124770363859,3.79167,False,False,129.5714111328125,-72.48207092285156,7.887054920196533
2023-03-29 15:34:54.253343,0.11387669508262599,False,0,37.757660649890944,3.79167,False,False,129.5714111328125,-72.48207092285156,7.887054920196533
2023-03-29 15:34:54.755012,0.11387669508262599,False,0,37.969658143934375,3.79167,False,False,129.5714111328125,-72.48207092285156,7.887054920196533
2023-03-29 15:34:54.758359,0.11387669508262599,False,0,50.124770363859,3.79167,False,False,129.5714111328125,-72.48207092285156,7.887054920196533
2023-03-29 15:34:54.761206,0.11387669508262599,False,0,99.49576352021879,3.79167,False,False,129.5714111328125,-72.48207092285156,7.887054920196533
2023-03-29 15:34:54.763781,0.11387669508262599,False,0,74.70253814520437,3.79167,False,False,129.5714111328125,-72.48207092285156,7.887054920196533
2023-03-29 15:34:55.267053,0.11387669508262599,False,0,50.124770363859,3.79167,False,False,129.5714111328125,-72.48207092285156,7.887054920196533
2023-03-29 15:34:55.270660,0.11387669508262599,False,0,99.49576352021879,3.79167,False,False,129.5714111328125,-72.48207092285156,7.887054920196533
2023-03-29 15:34:55.273290,0.11387669508262599,False,0,38.16971453894805,3.79167,False,False,129.5714111328125,-72.48207092285156,7.887054920196533
2023-03-29 15:34:55.275303,0.11387669508262599,False,0,74.70253814520437,3.79167,False,False,129.5714111328125,-72.48207092285156,7.887054920196533
2023-03-29 15:34:55.777887,0.11387669508262599,False,0,99.49576352021879,3.79167,False,False,129.5714111328125,-72.48207092285156,7.887054920196533
2023-03-29 15:34:55.781817,0.11387669508262599,False,0,38.40208376437414,3.79167,False,False,129.5714111328125,-72.48207092285156,7.887054920196533
2023-03-29 15:34:55.783930,0.11387669508262599,False,0,50.124770363859,3.79167,False,False,129.5714111328125,-72.48207092285156,7.887054920196533
2023-03-29 15:34:55.785931,0.11387669508262599,False,0,74.70253814520437,3.79167,False,False,129.5714111328125,-72.48207092285156,7.887054920196533
2023-03-29 15:34:56.288983,0.11387669508262599,False,0,36.71459124899969,3.79167,False,False,129.5714111328125,-72.48207092285156,7.887054920196533
2023-03-29 15:34:56.292411,0.11387669508262599,False,0,74.70253814520437,3.79167,False,False,129.5714111328125,-72.48207092285156,7.887054920196533
2023-03-29 15:34:56.295130,0.11387669508262599,False,0,50.124770363859,3.79167,False,False,129.5714111328125,-72.48207092285156,7.887054920196533
2023-03-29 15:34:56.297116,0.11387669508262599,False,0,38.6552655856033,3.79167,False,False,129.5714111328125,-72.48207092285156,7.887054920196533
2023-03-29 15:34:56.298359,0.11387669508262599,False,0,99.49576352021879,3.79167,False,False,129.5714111328125,-72.48207092285156,7.887054920196533
2023-03-29 15:34:56.800652,0.11387669508262599,False,0,50.124770363859,3.79167,False,False,129.5714111328125,-72.48207092285156,7.887054920196533
2023-03-29 15:34:56.805846,0.11387669508262599,False,0,38.955201300844436,3.79167,False,False,129.5714111328125,-72.48207092285156,7.887054920196533
2023-03-29 15:34:56.809238,0.11387669508262599,False,0,36.75779061087891,3.79167,False,False,129.5714111328125,-72.48207092285156,7.887054920196533
2023-03-29 15:34:56.810733,0.11387669508262599,False,0,74.70253814520437,3.79167,False,False,129.5714111328125,-72.48207092285156,7.887054920196533
2023-03-29 15:34:56.812154,0.11387669508262599,False,0,99.49576352021879,3.79167,False,False,129.5714111328125,-72.48207092285156,7.887054920196533
2023-03-29 15:34:57.314391,0.11387669508262599,False,0,50.124770363859,3.79167,False,False,129.5714111328125,-72.48207092285156,7.887054920196533
2023-03-29 15:34:57.317460,0.11387669508262599,False,0,36.816884530396194,3.79167,False,False,129.5714111328125,-72.48207092285156,7.887054920196533
2023-03-29 15:34:57.319761,0.11387669508262599,False,0,39.27950532510296,3.79167,False,False,129.5714111328125,-72.48207092285156,7.887054920196533
2023-03-29 15:34:57.321925,0.11387669508262599,False,0,74.70253814520437,3.79167,False,False,129.5714111328125,-72.48207092285156,7.887054920196533
2023-03-29 15:34:57.324173,0.11387669508262599,False,0,99.49576352021879,3.79167,False,False,129.5714111328125,-72.48207092285156,7.887054920196533
2023-03-29 15:34:57.826277,0.11387669508262599,False,0,50.124770363859,3.79167,False,False,129.5714111328125,-72.48207092285156,7.887054920196533
2023-03-29 15:34:57.830003,0.11387669508262599,False,0,36.88537143033302,3.79167,False,False,129.5714111328125,-72.48207092285156,7.887054920196533
2023-03-29 15:34:57.832458,0.11387669508262599,False,0,39.64509809026576,3.79167,False,False,129.5714111328125,-72.48207092285156,7.887054920196533
2023-03-29 15:34:57.834820,0.11387669508262599,False,0,74.70253814520437,3.79167,False,False,129.5714111328125,-72.48207092285156,7.887054920196533
2023-03-29 15:34:57.836438,0.11387669508262599,False,0,99.49576352021879,3.79167,False,False,129.5714111328125,-72.48207092285156,7.887054920196533
2023-03-29 15:34:58.338126,0.11387669508262599,False,0,74.70253814520437,3.79167,False,False,129.5714111328125,-72.48207092285156,7.887054920196533
2023-03-29 15:34:58.340392,0.11387669508262599,False,0,39.97870335952078,3.79167,False,False,129.5714111328125,-72.48207092285156,7.887054920196533
2023-03-29 15:34:58.341506,0.11387669508262599,False,0,36.96482824944135,3.79167,False,False,129.5714111328125,-72.48207092285156,7.887054920196533
2023-03-29 15:34:58.342560,0.11387669508262599,False,0,50.124770363859,3.79167,False,False,129.5714111328125,-72.48207092285156,7.887054920196533
2023-03-29 15:34:58.343805,0.11387669508262599,False,0,99.49576352021879,3.79167,False,False,129.5714111328125,-72.48207092285156,7.887054920196533
2023-03-29 15:34:58.846045,0.11387669508262599,False,0,74.70253814520437,3.79167,False,False,129.5714111328125,-72.48207092285156,7.887054920196533
2023-03-29 15:34:58.850597,0.11387669508262599,False,0,37.06729926173517,3.79167,False,False,129.5714111328125,-72.48207092285156,7.887054920196533
2023-03-29 15:34:58.853122,0.11387669508262599,False,0,40.28174168032147,3.79167,False,False,129.5714111328125,-72.48207092285156,7.887054920196533
2023-03-29 15:34:58.854465,0.11387669508262599,False,0,99.49576352021879,3.79167,False,False,129.5714111328125,-72.48207092285156,7.887054920196533
2023-03-29 15:34:58.855767,0.11387669508262599,False,0,50.124770363859,3.79167,False,False,129.5714111328125,-72.48207092285156,7.887054920196533
2023-03-29 15:34:59.358062,0.11379577052802103,False,0,37.19267484230498,3.79167,False,False,129.5714111328125,-72.48207092285156,7.887054920196533
2023-03-29 15:34:59.361904,0.11379577052802103,False,0,50.12476144170991,3.79167,False,False,129.5714111328125,-72.48207092285156,7.887054920196533
2023-03-29 15:34:59.364145,0.11379577052802103,False,0,74.70259087935085,3.79167,False,False,129.5714111328125,-72.48207092285156,7.887054920196533
2023-03-29 15:34:59.366261,0.11379577052802103,False,0,40.548250061193485,3.79167,False,False,129.5714111328125,-72.48207092285156,7.887054920196533
2023-03-29 15:34:59.368503,0.11379577052802103,False,0,99.49584649190416,3.79167,False,False,129.5714111328125,-72.48207092285156,7.887054920196533
2023-03-29 15:34:59.870335,0.11373044506148237,False,0,50.12475464249276,3.79167,False,False,129.5714111328125,-72.48207092285156,7.887054920196533
2023-03-29 15:34:59.873647,0.11373044506148237,False,0,40.79432904560443,3.79167,False,False,129.5714111328125,-72.48207092285156,7.887054920196533
2023-03-29 15:34:59.875664,0.11373044506148237,False,0,37.317148826977096,3.79167,False,False,129.5714111328125,-72.48207092285156,7.887054920196533
2023-03-29 15:34:59.877719,0.11373044506148237,False,0,99.49586696507899,3.79167,False,False,129.5714111328125,-72.48207092285156,7.887054920196533
2023-03-29 15:34:59.879501,0.11373044506148237,False,0,74.7026018796959,3.79167,False,False,129.5714111328125,-72.48207092285156,7.887054920196533
2023-03-29 15:35:00.382241,0.19736261236672628,False,0,74.661674621296,5.13335,False,False,129.5714111328125,-72.48207092285156,7.887054920196533
2023-03-29 15:35:00.386122,0.19736261236672628,False,0,50.145856195639304,5.13335,False,False,129.5714111328125,-72.48207092285156,7.887054920196533
2023-03-29 15:35:00.388342,0.19736261236672628,False,0,37.369537860419975,5.13335,False,False,129.5714111328125,-72.48207092285156,7.887054920196533
2023-03-29 15:35:00.390544,0.19736261236672628,False,0,40.98589426945145,5.13335,False,False,129.5714111328125,-72.48207092285156,7.887054920196533
2023-03-29 15:35:00.392707,0.19736261236672628,False,0,99.42238951645362,5.13335,False,False,129.5714111328125,-72.48207092285156,7.887054920196533
2023-03-29 15:35:00.895873,0.35476517057664253,False,0,40.85806598538463,6.69036,False,False,129.5714111328125,-72.48207092285156,7.887054920196533
2023-03-29 15:35:00.898830,0.35476517057664253,False,0,37.11253197856373,6.69036,False,False,129.5714111328125,-72.48207092285156,7.887054920196533
2023-03-29 15:35:00.901663,0.35476517057664253,False,0,50.22826388973186,6.69036,False,False,129.5714111328125,-72.48207092285156,7.887054920196533
2023-03-29 15:35:00.903679,0.35476517057664253,False,0,74.50688349344148,6.69036,False,False,129.5714111328125,-72.48207092285156,7.887054920196533
2023-03-29 15:35:00.905737,0.35476517057664253,False,0,99.14290612120465,6.69036,False,False,129.5714111328125,-72.48207092285156,7.887054920196533
2023-03-29 15:35:01.408490,0.46700717102068917,False,0,40.365904995195194,8.58793,False,False,129.5714111328125,-72.48207092285156,7.887054920196533
2023-03-29 15:35:01.412253,0.46700717102068917,False,0,50.411025853559224,8.58793,False,False,129.5714111328125,-72.48207092285156,7.887054920196533
2023-03-29 15:35:01.414441,0.46700717102068917,False,0,36.46219785803621,8.58793,False,False,129.5714111328125,-72.48207092285156,7.887054920196533
2023-03-29 15:35:01.416749,0.46700717102068917,False,0,74.18912251597222,8.58793,False,False,129.5714111328125,-72.48207092285156,7.887054920196533
2023-03-29 15:35:01.417899,0.46700717102068917,False,0,98.56081157687798,8.58793,False,False,129.5714111328125,-72.48207092285156,7.887054920196533
2023-03-29 15:35:01.919896,0.3123853631530811,False,0,50.67050666829954,10.3865,False,False,129.5714111328125,-72.48207092285156,7.887054920196533
2023-03-29 15:35:01.922980,0.3123853631530811,False,0,35.55819299056785,10.3865,False,False,129.5714111328125,-72.48207092285156,7.887054920196533
2023-03-29 15:35:01.925718,0.3123853631530811,False,0,39.655904930895424,10.3865,False,False,129.5714111328125,-72.48207092285156,7.887054920196533
2023-03-29 15:35:01.927891,0.3123853631530811,False,0,73.78668376926737,10.3865,False,False,129.5714111328125,-72.48207092285156,7.887054920196533
2023-03-29 15:35:01.930013,0.3123853631530811,False,0,97.80611342404195,10.3865,False,False,129.5714111328125,-72.48207092285156,7.887054920196533
2023-03-29 15:35:02.432931,0.15071457553650855,False,0,38.706971499320886,10.7279,False,False,129.5714111328125,-72.48207092285156,7.887054920196533
2023-03-29 15:35:02.435526,0.15071457553650855,False,0,73.30615306531355,10.7279,False,False,129.5714111328125,-72.48207092285156,7.887054920196533
2023-03-29 15:35:02.436535,0.15071457553650855,False,0,34.421723103762545,10.7279,False,False,129.5714111328125,-72.48207092285156,7.887054920196533
2023-03-29 15:35:02.437508,0.15071457553650855,False,0,51.02535005838433,10.7279,False,False,129.5714111328125,-72.48207092285156,7.887054920196533
2023-03-29 15:35:02.438480,0.15071457553650855,False,0,96.8763032737476,10.7279,False,False,129.5714111328125,-72.48207092285156,7.887054920196533
2023-03-29 15:35:02.940391,0.4090117058367832,False,0,37.68700203556828,12.5388,False,False,129.5714111328125,-72.48207092285156,7.887054920196533
2023-03-29 15:35:02.943809,0.4090117058367832,False,0,51.45538347552454,12.5388,False,False,129.5714111328125,-72.48207092285156,7.887054920196533
2023-03-29 15:35:02.946225,0.4090117058367832,False,0,33.18494003063056,12.5388,False,False,129.5714111328125,-72.48207092285156,7.887054920196533
2023-03-29 15:35:02.948938,0.4090117058367832,False,0,72.80413386353106,12.5388,False,False,129.5714111328125,-72.48207092285156,7.887054920196533
2023-03-29 15:35:02.951345,0.4090117058367832,False,0,95.86622927556218,12.5388,False,False,129.5714111328125,-72.48207092285156,7.887054920196533
2023-03-29 15:35:03.454319,0.47958823270838247,False,0,36.48054106754767,14.4372,False,False,129.5714111328125,-72.48207092285156,7.887054920196533
2023-03-29 15:35:03.458016,0.47958823270838247,False,0,51.994446529937505,14.4372,False,False,129.5714111328125,-72.48207092285156,7.887054920196533
2023-03-29 15:35:03.460023,0.47958823270838247,False,0,72.26752046647961,14.4372,False,False,129.5714111328125,-72.48207092285156,7.887054920196533
2023-03-29 15:35:03.461718,0.47958823270838247,False,0,29.660641010521317,14.4372,False,False,129.5714111328125,-72.48207092285156,7.887054920196533
2023-03-29 15:35:03.463318,0.47958823270838247,False,0,31.767987414652207,14.4372,False,False,129.5714111328125,-72.48207092285156,7.887054920196533
2023-03-29 15:35:03.464924,0.47958823270838247,False,0,94.73341634961855,14.4372,False,False,129.5714111328125,-72.48207092285156,7.887054920196533
2023-03-29 15:35:03.967182,0.47614767739773284,False,0,93.49537273164654,16.2428,False,False,129.5714111328125,-72.48207092285156,7.887054920196533
2023-03-29 15:35:03.970331,0.47614767739773284,False,0,71.7149655644933,16.2428,False,False,129.5714111328125,-72.48207092285156,7.887054920196533
2023-03-29 15:35:03.971512,0.47614767739773284,False,0,52.65360534870466,16.2428,False,False,129.5714111328125,-72.48207092285156,7.887054920196533
2023-03-29 15:35:03.972645,0.47614767739773284,False,0,27.777056741462417,16.2428,False,False,129.5714111328125,-72.48207092285156,7.887054920196533
2023-03-29 15:35:03.974874,0.47614767739773284,False,0,30.176667231036284,16.2428,False,False,129.5714111328125,-72.48207092285156,7.887054920196533
2023-03-29 15:35:03.977045,0.47614767739773284,False,0,35.11640736593302,16.2428,False,False,129.5714111328125,-72.48207092285156,7.887054920196533
2023-03-29 15:35:04.479728,0.11695996078208466,False,0,53.598785117699144,18.3132,False,False,129.5714111328125,-72.48207092285156,7.887054920196533
2023-03-29 15:35:04.482273,0.11695996078208466,False,0,25.33783025183456,18.3132,False,False,129.5714111328125,-72.48207092285156,7.887054920196533
2023-03-29 15:35:04.483714,0.11695996078208466,False,0,28.156760376305353,18.3132,False,False,129.5714111328125,-72.48207092285156,7.887054920196533
2023-03-29 15:35:04.485047,0.11695996078208466,False,0,91.92585226029344,18.3132,False,False,129.5714111328125,-72.48207092285156,7.887054920196533
2023-03-29 15:35:04.486424,0.11695996078208466,False,0,33.380726309255536,18.3132,False,False,129.5714111328125,-72.48207092285156,7.887054920196533
2023-03-29 15:35:04.487760,0.11695996078208466,False,0,71.06998774742475,18.3132,False,False,129.5714111328125,-72.48207092285156,7.887054920196533
2023-03-29 15:35:04.989971,0.35021130853652344,False,0,26.01678342584114,20.3943,False,False,129.5714111328125,-72.48207092285156,7.887054920196533
2023-03-29 15:35:04.993327,0.35021130853652344,False,0,70.44917742289095,20.3943,False,False,129.5714111328125,-72.48207092285156,7.887054920196533
2023-03-29 15:35:04.995224,0.35021130853652344,False,0,22.630539348728824,20.3943,False,False,129.5714111328125,-72.48207092285156,7.887054920196533
2023-03-29 15:35:04.996954,0.35021130853652344,False,0,54.76590506452641,20.3943,False,False,129.5714111328125,-72.48207092285156,7.887054920196533
2023-03-29 15:35:04.998559,0.35021130853652344,False,0,31.5450555353529,20.3943,False,False,129.5714111328125,-72.48207092285156,7.887054920196533
2023-03-29 15:35:05.000200,0.35021130853652344,False,0,90.22761739933377,20.3943,False,False,129.5714111328125,-72.48207092285156,7.887054920196533
2023-03-29 15:35:05.503951,0.5039763455368755,False,0,29.90026498059964,22.2516,False,False,129.5714111328125,-72.48207092285156,7.887054920196533
2023-03-29 15:35:05.507533,0.5039763455368755,False,0,55.995546355491264,22.2516,False,False,129.5714111328125,-72.48207092285156,7.887054920196533
2023-03-29 15:35:05.509731,0.5039763455368755,False,0,88.64434419453866,22.2516,False,False,129.5714111328125,-72.48207092285156,7.887054920196533
2023-03-29 15:35:05.511632,0.5039763455368755,False,0,20.035884536337605,22.2516,False,True,129.5714111328125,-72.48207092285156,7.887054920196533
2023-03-29 15:35:05.514038,0.5039763455368755,False,0,69.95010338226766,22.2516,False,False,129.5714111328125,-72.48207092285156,7.887054920196533
2023-03-29 15:35:05.515687,0.5039763455368755,False,0,23.940348928871327,22.2516,False,False,129.5714111328125,-72.48207092285156,7.887054920196533
2023-03-29 15:35:06.018132,0.30148707666002156,False,0,16.83951690661297,24.4008,False,True,129.5714111328125,-72.48207092285156,7.887054920196533
2023-03-29 15:35:06.021385,0.30148707666002156,False,0,28.065297458540954,24.4008,False,False,129.5714111328125,-72.48207092285156,7.887054920196533
2023-03-29 15:35:06.023540,0.30148707666002156,False,0,86.75666669434847,24.4008,False,False,129.5714111328125,-72.48207092285156,7.887054920196533
2023-03-29 15:35:06.025356,0.30148707666002156,False,0,21.403885563369027,24.4008,False,False,129.5714111328125,-72.48207092285156,7.887054920196533
2023-03-29 15:35:06.027066,0.30148707666002156,False,0,57.654704256704946,24.4008,False,False,129.5714111328125,-72.48207092285156,7.887054920196533
2023-03-29 15:35:06.028811,0.30148707666002156,False,0,69.46947201521205,24.4008,False,False,129.5714111328125,-72.48207092285156,7.887054920196533
2023-03-29 15:35:06.531212,0.21648785646630694,False,0,13.69632696106116,26.4125,False,True,129.5714111328125,-72.48207092285156,7.887054920196533
2023-03-29 15:35:06.534094,0.21648785646630694,False,0,59.43954636207807,26.4125,False,False,129.5714111328125,-72.48207092285156,7.887054920196533
2023-03-29 15:35:06.535486,0.21648785646630694,False,0,19.060172769091054,26.4125,False,False,129.5714111328125,-72.48207092285156,7.887054920196533
2023-03-29 15:35:06.536816,0.21648785646630694,False,0,84.96717154251093,26.4125,False,False,129.5714111328125,-72.48207092285156,7.887054920196533
2023-03-29 15:35:06.537965,0.21648785646630694,False,0,26.514649630850776,26.4125,False,False,129.5714111328125,-72.48207092285156,7.887054920196533
2023-03-29 15:35:06.539433,0.21648785646630694,False,0,69.14538070535613,26.4125,False,False,129.5714111328125,-72.48207092285156,7.887054920196533
2023-03-29 15:35:07.042802,0.3055116651837208,False,0,16.8826020278884,27.9266,False,False,129.5714111328125,-72.48207092285156,7.887054920196533
2023-03-29 15:35:07.047079,0.3055116651837208,False,0,68.97048484875612,27.9266,False,False,129.5714111328125,-72.48207092285156,7.887054920196533
2023-03-29 15:35:07.049257,0.3055116651837208,False,0,61.480002646597555,27.9266,False,False,129.5714111328125,-72.48207092285156,7.887054920196533
2023-03-29 15:35:07.051409,0.3055116651837208,False,0,10.409603538280908,27.9266,False,True,129.5714111328125,-72.48207092285156,7.887054920196533
2023-03-29 15:35:07.052800,0.3055116651837208,False,0,25.219263635118292,27.9266,False,False,129.5714111328125,-72.48207092285156,7.887054920196533
2023-03-29 15:35:07.053785,0.3055116651837208,False,0,83.15869228442334,27.9266,False,False,129.5714111328125,-72.48207092285156,7.887054920196533
2023-03-29 15:35:07.555922,0.18805307057209153,False,0,15.241109309970076,23.9762,False,False,129.5714111328125,-72.48207092285156,7.887054920196533
2023-03-29 15:35:07.558823,0.18805307057209153,False,0,7.337359704572622,23.9762,False,True,129.5714111328125,-72.48207092285156,7.887054920196533
2023-03-29 15:35:07.560400,0.18805307057209153,False,0,63.656149434443414,23.9762,False,False,129.5714111328125,-72.48207092285156,7.887054920196533
2023-03-29 15:35:07.561607,0.18805307057209153,False,0,68.97375921508656,23.9762,False,False,129.5714111328125,-72.48207092285156,7.887054920196533
2023-03-29 15:35:07.562627,0.18805307057209153,False,0,24.42190745103824,23.9762,False,False,129.5714111328125,-72.48207092285156,7.887054920196533
2023-03-29 15:35:07.563636,0.18805307057209153,False,0,81.45502491600207,23.9762,False,False,129.5714111328125,-72.48207092285156,7.887054920196533
2023-03-29 15:35:08.065439,0.11085928819109349,False,0,80.06100413210736,18.5886,False,False,129.5714111328125,-72.48207092285156,7.887054920196533
2023-03-29 15:35:08.067944,0.11085928819109349,False,0,24.27430846207693,18.5886,False,False,129.5714111328125,-72.48207092285156,7.887054920196533
2023-03-29 15:35:08.070455,0.11085928819109349,False,0,5.066127235835701,18.5886,False,False,129.5714111328125,-72.48207092285156,7.887054920196533
2023-03-29 15:35:08.073462,0.11085928819109349,False,0,14.49549700847841,18.5886,False,False,129.5714111328125,-72.48207092285156,7.887054920196533
2023-03-29 15:35:08.076007,0.11085928819109349,False,0,65.65747193884562,18.5886,False,False,129.5714111328125,-72.48207092285156,7.887054920196533
2023-03-29 15:35:08.077466,0.11085928819109349,False,0,69.12425573634019,18.5886,False,False,129.5714111328125,-72.48207092285156,7.887054920196533
2023-03-29 15:35:08.579234,0.3765410206755582,False,0,69.3007329099279,14.5897,False,False,129.5714111328125,-72.48207092285156,7.887054920196533
2023-03-29 15:35:08.581957,0.3765410206755582,False,0,67.03992018522237,14.5897,False,False,129.5714111328125,-72.48207092285156,7.887054920196533
2023-03-29 15:35:08.583406,0.3765410206755582,False,0,4.142898450886655,14.5897,False,False,129.5714111328125,-72.48207092285156,7.887054920196533
2023-03-29 15:35:08.584975,0.3765410206755582,False,0,24.576674356327484,14.5897,False,False,129.5714111328125,-72.48207092285156,7.887054920196533
2023-03-29 15:35:08.586398,0.3765410206755582,False,0,14.411587934394882,14.5897,False,False,129.5714111328125,-72.48207092285156,7.887054920196533
2023-03-29 15:35:08.587932,0.3765410206755582,False,0,79.18262626374589,14.5897,False,False,129.5714111328125,-72.48207092285156,7.887054920196533
2023-03-29 15:35:09.090234,0.4699477212687646,False,0,4.13461530394269,15.0107,False,False,129.5714111328125,-72.48207092285156,7.887054920196533
2023-03-29 15:35:09.093309,0.4699477212687646,False,0,68.46787623123947,15.0107,False,False,129.5714111328125,-72.48207092285156,7.887054920196533
2023-03-29 15:35:09.094731,0.4699477212687646,False,0,69.61468511217406,15.0107,False,False,129.5714111328125,-72.48207092285156,7.887054920196533
2023-03-29 15:35:09.096078,0.4699477212687646,False,0,78.45760240086888,15.0107,False,False,129.5714111328125,-72.48207092285156,7.887054920196533
2023-03-29 15:35:09.097407,0.4699477212687646,False,0,14.771720208296596,15.0107,False,False,129.5714111328125,-72.48207092285156,7.887054920196533
2023-03-29 15:35:09.098723,0.4699477212687646,False,0,25.223388816244988,15.0107,False,False,129.5714111328125,-72.48207092285156,7.887054920196533
2023-03-29 15:35:09.600775,0.3770618744524306,False,0,5.127580616590525,16.4183,False,False,129.5714111328125,-72.48207092285156,7.887054920196533
2023-03-29 15:35:09.604372,0.3770618744524306,False,0,26.066046813830283,16.4183,False,False,129.5714111328125,-72.48207092285156,7.887054920196533
2023-03-29 15:35:09.606867,0.3770618744524306,False,0,70.05456672178386,16.4183,False,False,129.5714111328125,-72.48207092285156,7.887054920196533
2023-03-29 15:35:09.609117,0.3770618744524306,False,0,15.457592435852487,16.4183,False,False,129.5714111328125,-72.48207092285156,7.887054920196533
2023-03-29 15:35:09.611129,0.3770618744524306,False,0,70.03366041802357,16.4183,False,False,129.5714111328125,-72.48207092285156,7.887054920196533
2023-03-29 15:35:09.613015,0.3770618744524306,False,0,77.74026779185002,16.4183,False,False,129.5714111328125,-72.48207092285156,7.887054920196533
2023-03-29 15:35:10.114798,0.4737697870664316,False,0,71.80220785911509,17.0694,False,False,129.5714111328125,-72.48207092285156,7.887054920196533
2023-03-29 15:35:10.117401,0.4737697870664316,False,0,6.932538564178472,17.0694,False,False,129.5714111328125,-72.48207092285156,7.887054920196533
2023-03-29 15:35:10.118951,0.4737697870664316,False,0,16.391416713843043,17.0694,False,False,129.5714111328125,-72.48207092285156,7.887054920196533
2023-03-29 15:35:10.120518,0.4737697870664316,False,0,6.641183990844002,17.0694,False,False,129.5714111328125,-72.48207092285156,7.887054920196533
2023-03-29 15:35:10.121973,0.4737697870664316,False,0,77.09992174405774,17.0694,False,False,129.5714111328125,-72.48207092285156,7.887054920196533
2023-03-29 15:35:10.123474,0.4737697870664316,False,0,27.101103892392242,17.0694,False,False,129.5714111328125,-72.48207092285156,7.887054920196533
2023-03-29 15:35:10.124981,0.4737697870664316,False,0,70.60471702161861,17.0694,False,False,129.5714111328125,-72.48207092285156,7.887054920196533
2023-03-29 15:35:10.627315,0.56996267325713,False,0,76.79053915564091,18.9919,False,False,129.5714111328125,-72.48207092285156,7.887054920196533
2023-03-29 15:35:10.630792,0.56996267325713,False,0,17.93285609181079,18.9919,False,False,129.5714111328125,-72.48207092285156,7.887054920196533
2023-03-29 15:35:10.633418,0.56996267325713,False,0,8.29003185340671,18.9919,False,False,129.5714111328125,-72.48207092285156,7.887054920196533
2023-03-29 15:35:10.636170,0.56996267325713,False,0,71.50521405502268,18.9919,False,False,129.5714111328125,-72.48207092285156,7.887054920196533
2023-03-29 15:35:10.637561,0.56996267325713,False,0,9.183754313127398,18.9919,False,False,129.5714111328125,-72.48207092285156,7.887054920196533
2023-03-29 15:35:10.638829,0.56996267325713,False,0,73.74363030825482,18.9919,False,False,129.5714111328125,-72.48207092285156,7.887054920196533
2023-03-29 15:35:10.639918,0.56996267325713,False,0,28.491390734268062,18.9919,False,False,129.5714111328125,-72.48207092285156,7.887054920196533
2023-03-29 15:35:11.141849,0.8990743760465617,False,0,10.588583657975633,20.7425,False,False,129.5714111328125,-72.48207092285156,7.887054920196533
2023-03-29 15:35:11.144608,0.8990743760465617,False,0,12.359322636485716,20.7425,False,False,129.5714111328125,-72.48207092285156,7.887054920196533
2023-03-29 15:35:11.145974,0.8990743760465617,False,0,76.54060280826549,20.7425,False,False,129.5714111328125,-72.48207092285156,7.887054920196533
2023-03-29 15:35:11.147296,0.8990743760465617,False,0,77.12310224156712,20.7425,False,False,129.5714111328125,-72.48207092285156,7.887054920196533
2023-03-29 15:35:11.148624,0.8990743760465617,False,0,73.29527849070355,20.7425,False,False,129.5714111328125,-72.48207092285156,7.887054920196533
2023-03-29 15:35:11.149989,0.8990743760465617,False,0,30.963450194357026,20.7425,False,False,129.5714111328125,-72.48207092285156,7.887054920196533
2023-03-29 15:35:11.150999,0.8990743760465617,False,0,20.70677800863379,20.7425,False,False,129.5714111328125,-72.48207092285156,7.887054920196533
2023-03-29 15:35:11.653172,0.7298310338423173,False,0,33.91142237590449,21.5523,False,False,129.5714111328125,-72.48207092285156,7.887054920196533
2023-03-29 15:35:11.656266,0.7298310338423173,False,0,12.514681551131712,21.5523,False,False,129.5714111328125,-72.48207092285156,7.887054920196533
2023-03-29 15:35:11.657737,0.7298310338423173,False,0,79.233808136886,21.5523,False,False,129.5714111328125,-72.48207092285156,7.887054920196533
2023-03-29 15:35:11.659079,0.7298310338423173,False,0,75.66059304568444,21.5523,False,False,129.5714111328125,-72.48207092285156,7.887054920196533
2023-03-29 15:35:11.664034,0.7298310338423173,False,0,23.902228054831205,21.5523,False,False,129.5714111328125,-72.48207092285156,7.887054920196533
2023-03-29 15:35:11.665147,0.7298310338423173,False,0,78.50472420995771,21.5523,False,False,129.5714111328125,-72.48207092285156,7.887054920196533
2023-03-29 15:35:11.666322,0.7298310338423173,False,0,15.403813745123122,21.5523,False,False,129.5714111328125,-72.48207092285156,7.887054920196533
2023-03-29 15:35:12.168287,0.6227931083556548,False,0,14.070909393083854,23.6856,False,False,129.5714111328125,-72.48207092285156,7.887054920196533
2023-03-29 15:35:12.171310,0.6227931083556548,False,0,81.60787273628972,23.6856,False,False,129.5714111328125,-72.48207092285156,7.887054920196533
2023-03-29 15:35:12.172793,0.6227931083556548,False,0,37.2282463487477,23.6856,False,False,129.5714111328125,-72.48207092285156,7.887054920196533
2023-03-29 15:35:12.174149,0.6227931083556548,False,0,78.47151973984194,23.6856,False,False,129.5714111328125,-72.48207092285156,7.887054920196533
2023-03-29 15:35:12.175530,0.6227931083556548,False,0,27.372414848979677,23.6856,False,False,129.5714111328125,-72.48207092285156,7.887054920196533
2023-03-29 15:35:12.176896,0.6227931083556548,False,0,80.96174665625475,23.6856,False,False,129.5714111328125,-72.48207092285156,7.887054920196533
2023-03-29 15:35:12.178294,0.6227931083556548,False,0,18.318130407724798,23.6856,False,False,129.5714111328125,-72.48207092285156,7.887054920196533
2023-03-29 15:35:12.680696,0.34614962737259936,False,0,16.30895250978192,28.4646,False,False,129.5714111328125,-72.48207092285156,7.887054920196533
2023-03-29 15:35:12.684285,0.34614962737259936,False,0,41.26562495430066,28.4646,False,False,129.5714111328125,-72.48207092285156,7.887054920196533
2023-03-29 15:35:12.685746,0.34614962737259936,False,0,31.498124701964006,28.4646,False,False,129.5714111328125,-72.48207092285156,7.887054920196533
2023-03-29 15:35:12.687136,0.34614962737259936,False,0,21.789538068069096,28.4646,False,False,129.5714111328125,-72.48207092285156,7.887054920196533
2023-03-29 15:35:12.688446,0.34614962737259936,False,0,84.22959191053536,28.4646,False,False,129.5714111328125,-72.48207092285156,7.887054920196533
2023-03-29 15:35:12.689731,0.34614962737259936,False,0,81.92904656393719,28.4646,False,False,129.5714111328125,-72.48207092285156,7.887054920196533
2023-03-29 15:35:12.691022,0.34614962737259936,False,0,84.32559679931884,28.4646,False,False,129.5714111328125,-72.48207092285156,7.887054920196533
2023-03-29 15:35:13.193211,0.19703107493664862,False,0,19.492366370618964,34.3201,False,False,129.5714111328125,-72.48207092285156,7.887054920196533
2023-03-29 15:35:13.196434,0.19703107493664862,False,0,25.845986252414672,34.3201,False,False,129.5714111328125,-72.48207092285156,7.887054920196533
2023-03-29 15:35:13.199041,0.19703107493664862,False,0,85.83406673095939,34.3201,False,False,129.5714111328125,-72.48207092285156,7.887054920196533
2023-03-29 15:35:13.201515,0.19703107493664862,False,0,87.18521484587954,34.3201,False,False,129.5714111328125,-72.48207092285156,7.887054920196533
2023-03-29 15:35:13.203629,0.19703107493664862,False,0,88.2042018795966,34.3201,False,False,129.5714111328125,-72.48207092285156,7.887054920196533
2023-03-29 15:35:13.205684,0.19703107493664862,False,0,45.918803990758654,34.3201,False,False,129.5714111328125,-72.48207092285156,7.887054920196533
2023-03-29 15:35:13.207954,0.19703107493664862,False,0,36.070485267678606,34.3201,False,False,129.5714111328125,-72.48207092285156,7.887054920196533
2023-03-29 15:35:13.710841,0.35435833702064484,False,0,90.6786930023307,35.3596,False,False,129.5714111328125,-72.48207092285156,7.887054920196533
2023-03-29 15:35:13.714468,0.35435833702064484,False,0,30.726583426611032,35.3596,False,False,129.5714111328125,-72.48207092285156,7.887054920196533
2023-03-29 15:35:13.717279,0.35435833702064484,False,0,23.729940670640794,35.3596,False,False,129.5714111328125,-72.48207092285156,7.887054920196533
2023-03-29 15:35:13.719609,0.35435833702064484,False,0,92.72022737342277,35.3596,False,False,129.5714111328125,-72.48207092285156,7.887054920196533
2023-03-29 15:35:13.721124,0.35435833702064484,False,0,90.35762977539018,35.3596,False,False,129.5714111328125,-72.48207092285156,7.887054920196533
2023-03-29 15:35:13.722219,0.35435833702064484,False,0,51.10728391617291,35.3596,False,False,129.5714111328125,-72.48207092285156,7.887054920196533
2023-03-29 15:35:13.723256,0.35435833702064484,False,0,41.322963075286005,35.3596,False,False,129.5714111328125,-72.48207092285156,7.887054920196533
2023-03-29 15:35:14.225181,0.2964990015039613,False,0,55.47682850358134,34.5602,False,False,129.5714111328125,-72.48207092285156,7.887054920196533
2023-03-29 15:35:14.229166,0.2964990015039613,False,0,28.106539460742116,34.5602,False,False,129.5714111328125,-72.48207092285156,7.887054920196533
2023-03-29 15:35:14.231778,0.2964990015039613,False,0,35.535509971878,34.5602,False,False,129.5714111328125,-72.48207092285156,7.887054920196533
2023-03-29 15:35:14.234161,0.2964990015039613,False,0,94.08221021716263,34.5602,False,False,129.5714111328125,-72.48207092285156,7.887054920196533
2023-03-29 15:35:14.236398,0.2964990015039613,False,0,94.67431674421877,34.5602,False,False,129.5714111328125,-72.48207092285156,7.887054920196533
2023-03-29 15:35:14.237519,0.2964990015039613,False,0,46.353603479724036,34.5602,False,False,129.5714111328125,-72.48207092285156,7.887054920196533
2023-03-29 15:35:14.238576,0.2964990015039613,False,0,97.04306166585569,34.5602,False,False,129.5714111328125,-72.48207092285156,7.887054920196533
2023-03-29 15:35:14.740345,0.1313239237860435,False,0,50.85837853130228,34.108,False,False,129.5714111328125,-72.48207092285156,7.887054920196533
2023-03-29 15:35:14.743806,0.1313239237860435,False,0,97.19552994010729,34.108,False,False,129.5714111328125,-72.48207092285156,7.887054920196533
2023-03-29 15:35:14.745910,0.1313239237860435,False,0,59.14884894354906,34.108,False,False,129.5714111328125,-72.48207092285156,7.887054920196533
2023-03-29 15:35:14.747547,0.1313239237860435,False,0,32.21544793918054,34.108,False,False,129.5714111328125,-72.48207092285156,7.887054920196533
2023-03-29 15:35:14.749077,0.1313239237860435,False,0,39.92956155794814,34.108,False,False,129.5714111328125,-72.48207092285156,7.887054920196533
2023-03-29 15:35:14.750427,0.1313239237860435,False,0,98.54888489604882,34.108,False,False,129.5714111328125,-72.48207092285156,7.887054920196533
2023-03-29 15:35:15.253269,1.3552406064852178,False,0,55.5058889871215,33.7528,False,False,129.5714111328125,-72.48207092285156,7.887054920196533
2023-03-29 15:35:15.256149,1.3552406064852178,False,0,36.58769405240093,33.7528,False,False,129.5714111328125,-72.48207092285156,7.887054920196533
2023-03-29 15:35:15.257695,1.3552406064852178,False,0,44.52105592401224,33.7528,False,False,129.5714111328125,-72.48207092285156,7.887054920196533
2023-03-29 15:35:15.259188,1.3552406064852178,False,0,63.013072930021316,33.7528,False,False,129.5714111328125,-72.48207092285156,7.887054920196533
2023-03-29 15:35:15.762112,5.674778038309118,False,0,60.777884221496755,33.7024,False,False,129.5714111328125,-72.48207092285156,7.887054920196533
2023-03-29 15:35:15.765535,5.674778038309118,False,0,49.763431546919456,33.7024,False,False,129.5714111328125,-72.48207092285156,7.887054920196533
2023-03-29 15:35:15.767689,5.674778038309118,False,0,41.64240534455806,33.7024,False,False,129.5714111328125,-72.48207092285156,7.887054920196533
2023-03-29 15:35:15.769337,5.674778038309118,False,0,67.61741311123326,33.7024,False,False,129.5714111328125,-72.48207092285156,7.887054920196533
2023-03-29 15:35:16.271113,9.813810835645866,False,0,64.99527268022256,33.6645,False,False,129.5714111328125,-72.48207092285156,7.887054920196533
2023-03-29 15:35:16.274061,9.813810835645866,False,0,45.73109051768334,33.6645,False,False,129.5714111328125,-72.48207092285156,7.887054920196533
2023-03-29 15:35:16.276599,9.813810835645866,False,0,53.97039886490966,33.6645,False,False,129.5714111328125,-72.48207092285156,7.887054920196533
2023-03-29 15:35:16.277892,9.813810835645866,False,0,71.51697089962829,33.6645,False,False,129.5714111328125,-72.48207092285156,7.887054920196533
2023-03-29 15:35:16.779711,14.134309013248352,False,0,26.0838645352341,33.4787,False,False,129.5714111328125,-72.48207092285156,7.887054920196533
2023-03-29 15:35:16.783015,14.134309013248352,False,0,57.84423894157933,33.4787,False,False,129.5714111328125,-72.48207092285156,7.887054920196533
2023-03-29 15:35:16.785795,14.134309013248352,False,0,49.51137056402629,33.4787,False,False,129.5714111328125,-72.48207092285156,7.887054920196533
2023-03-29 15:35:16.788214,14.134309013248352,False,0,75.05997265979659,33.4787,False,False,129.5714111328125,-72.48207092285156,7.887054920196533
2023-03-29 15:35:16.789726,14.134309013248352,False,0,68.87257347053358,33.4787,False,False,129.5714111328125,-72.48207092285156,7.887054920196533
2023-03-29 15:35:16.790774,14.134309013248352,False,0,59.327207035538095,33.4787,False,False,129.5714111328125,-72.48207092285156,7.887054920196533
2023-03-29 15:35:16.791820,14.134309013248352,False,0,95.63590586150413,33.4787,False,False,129.5714111328125,-72.48207092285156,7.887054920196533
2023-03-29 15:35:17.293650,18.290020193292918,False,0,46.25025702069671,32.989,False,False,129.5714111328125,-72.48207092285156,7.887054920196533
2023-03-29 15:35:17.297462,18.290020193292918,False,0,54.9924847512362,32.989,False,False,129.5714111328125,-72.48207092285156,7.887054920196533
2023-03-29 15:35:17.299647,18.290020193292918,False,0,74.45588204675421,32.989,False,False,129.5714111328125,-72.48207092285156,7.887054920196533
2023-03-29 15:35:17.301662,18.290020193292918,False,0,80.19080228991614,32.989,False,False,129.5714111328125,-72.48207092285156,7.887054920196533
2023-03-29 15:35:17.303225,18.290020193292918,False,0,63.39088335117335,32.989,False,False,129.5714111328125,-72.48207092285156,7.887054920196533
2023-03-29 15:35:17.304209,18.290020193292918,False,0,22.764046163195662,32.989,False,False,129.5714111328125,-72.48207092285156,7.887054920196533
2023-03-29 15:35:17.305204,18.290020193292918,False,0,60.384325867271485,32.989,False,False,129.5714111328125,-72.48207092285156,7.887054920196533
2023-03-29 15:35:17.306187,18.290020193292918,False,0,93.22452573117948,32.989,False,False,129.5714111328125,-72.48207092285156,7.887054920196533
2023-03-29 15:35:17.807750,22.63221739487127,False,0,59.0736634026284,32.7423,False,False,129.5714111328125,-72.48207092285156,7.887054920196533
2023-03-29 15:35:17.811187,22.63221739487127,False,0,67.50295094275182,32.7423,False,False,129.5714111328125,-72.48207092285156,7.887054920196533
2023-03-29 15:35:17.814774,22.63221739487127,False,0,50.24999138722282,32.7423,False,False,129.5714111328125,-72.48207092285156,7.887054920196533
2023-03-29 15:35:17.819166,22.63221739487127,False,0,83.95837100406075,32.7423,False,False,129.5714111328125,-72.48207092285156,7.887054920196533
2023-03-29 15:35:17.821299,22.63221739487127,False,0,20.721915651992305,32.7423,False,False,129.5714111328125,-72.48207092285156,7.887054920196533
2023-03-29 15:35:17.822485,22.63221739487127,False,0,78.57557820324016,32.7423,False,False,129.5714111328125,-72.48207092285156,7.887054920196533
2023-03-29 15:35:17.823550,22.63221739487127,False,0,61.513575262503,32.7423,False,False,129.5714111328125,-72.48207092285156,7.887054920196533
2023-03-29 15:35:17.824909,22.63221739487127,False,0,91.5788292648667,32.7423,False,False,129.5714111328125,-72.48207092285156,7.887054920196533
2023-03-29 15:35:18.326787,26.736946563527884,False,0,84.01600392747964,32.3064,False,False,129.5714111328125,-72.48207092285156,7.887054920196533
2023-03-29 15:35:18.330365,26.736946563527884,False,0,55.540088658055424,32.3064,False,False,129.5714111328125,-72.48207092285156,7.887054920196533
2023-03-29 15:35:18.331887,26.736946563527884,False,0,72.88902410213552,32.3064,False,False,129.5714111328125,-72.48207092285156,7.887054920196533
2023-03-29 15:35:18.333154,26.736946563527884,False,0,64.4549393154906,32.3064,False,False,129.5714111328125,-72.48207092285156,7.887054920196533
2023-03-29 15:35:18.334425,26.736946563527884,False,0,88.90636429697646,32.3064,False,False,129.5714111328125,-72.48207092285156,7.887054920196533
2023-03-29 15:35:18.335695,26.736946563527884,False,0,18.75660608953905,32.3064,False,False,129.5714111328125,-72.48207092285156,7.887054920196533
2023-03-29 15:35:18.336976,26.736946563527884,False,0,64.0038854556342,32.3064,False,False,129.5714111328125,-72.48207092285156,7.887054920196533
2023-03-29 15:35:18.338268,26.736946563527884,False,0,89.59805012730126,32.3064,False,False,129.5714111328125,-72.48207092285156,7.887054920196533
